<?xml version="1.0" encoding="UTF-8"?>
<ValueSet xmlns="http://hl7.org/fhir" xmlns:xsi="http://www.w3.org/2001/XMLSchema-instance" xsi:schemaLocation="http://hl7.org/fhir ../../input-cache/schemas/R4/fhir-single.xsd">
  <id value="valueset-no-codesystem"/>
  <url value="http://somewhere.org/fhir/uv/myig/ValueSet/valueset-no-codesystem"/>
  <name value="ValueSetWithNoCodeSystem"/>
  <title value="ValueSet with no code-system"/>
  <status value="draft"/>
  <experimental value="true"/>
  <date value="2015-06-22"/>
  <description value="A sample value set where there's no known code system"/>
  <compose>
    <include>
      <system value="http://not-a-known-code-system"/>
      <version value="2.36"/>
      <concept>
        <code value="not-known-code"/>
      </concept>
      <concept>
        <code value="not-known-code2"/>
      </concept>
    </include>
  </compose>
</ValueSet>