{
  "resourceType" : "ImplementationGuide",
  "id" : "tims-poc-ig",
  "text" : {
    "status" : "extensions",
    "div" : "<div xmlns=\"http://www.w3.org/1999/xhtml\"><h2>TIMS POC IG</h2><p>The official URL for this implementation guide is: </p><pre>https://github.com/HOT-Ecosystem/tims-poc-ig/ImplementationGuide/tims-poc-ig</pre></div>"
  },
  "url" : "https://github.com/HOT-Ecosystem/tims-poc-ig/ImplementationGuide/tims-poc-ig",
  "version" : "0.0.1",
  "name" : "TIMS POC IG",
  "status" : "draft",
  "date" : "2023-04-10T19:40:27+00:00",
  "contact" : [{
    "telecom" : [{
      "system" : "url",
      "value" : "http://example.com"
    }]
  }],
  "packageId" : "tims-poc-ig",
  "license" : "CC0-1.0",
  "fhirVersion" : ["4.0.1"],
  "dependsOn" : [{
    "id" : "hl7tx",
    "extension" : [{
      "url" : "http://hl7.org/fhir/tools/StructureDefinition/implementationguide-dependency-comment",
      "valueMarkdown" : "Automatically added as a dependency - all IGs depend on HL7 Terminology"
    }],
    "uri" : "http://terminology.hl7.org/ImplementationGuide/hl7.terminology",
    "packageId" : "hl7.terminology.r4",
    "version" : "5.0.0"
  }],
  "definition" : {
    "extension" : [{
      "extension" : [{
        "url" : "code",
        "valueString" : "releaselabel"
      },
      {
        "url" : "value",
        "valueString" : "Demo build"
      }],
      "url" : "http://hl7.org/fhir/tools/StructureDefinition/ig-parameter"
    },
    {
      "extension" : [{
        "url" : "code",
        "valueString" : "copyrightyear"
      },
      {
        "url" : "value",
        "valueString" : "2022+"
      }],
      "url" : "http://hl7.org/fhir/tools/StructureDefinition/ig-parameter"
    },
    {
      "extension" : [{
        "url" : "code",
        "valueString" : "shownav"
      },
      {
        "url" : "value",
        "valueString" : "true"
      }],
      "url" : "http://hl7.org/fhir/tools/StructureDefinition/ig-parameter"
    },
    {
      "extension" : [{
        "url" : "code",
        "valueString" : "autoload-resources"
      },
      {
        "url" : "value",
        "valueString" : "true"
      }],
      "url" : "http://hl7.org/fhir/tools/StructureDefinition/ig-parameter"
    },
    {
      "extension" : [{
        "url" : "code",
        "valueString" : "path-liquid"
      },
      {
        "url" : "value",
        "valueString" : "template/liquid"
      }],
      "url" : "http://hl7.org/fhir/tools/StructureDefinition/ig-parameter"
    },
    {
      "extension" : [{
        "url" : "code",
        "valueString" : "path-liquid"
      },
      {
        "url" : "value",
        "valueString" : "input/liquid"
      }],
      "url" : "http://hl7.org/fhir/tools/StructureDefinition/ig-parameter"
    },
    {
      "extension" : [{
        "url" : "code",
        "valueString" : "path-qa"
      },
      {
        "url" : "value",
        "valueString" : "temp/qa"
      }],
      "url" : "http://hl7.org/fhir/tools/StructureDefinition/ig-parameter"
    },
    {
      "extension" : [{
        "url" : "code",
        "valueString" : "path-temp"
      },
      {
        "url" : "value",
        "valueString" : "temp/pages"
      }],
      "url" : "http://hl7.org/fhir/tools/StructureDefinition/ig-parameter"
    },
    {
      "extension" : [{
        "url" : "code",
        "valueString" : "path-output"
      },
      {
        "url" : "value",
        "valueString" : "output"
      }],
      "url" : "http://hl7.org/fhir/tools/StructureDefinition/ig-parameter"
    },
    {
      "extension" : [{
        "url" : "code",
        "valueString" : "path-suppressed-warnings"
      },
      {
        "url" : "value",
        "valueString" : "input/ignoreWarnings.txt"
      }],
      "url" : "http://hl7.org/fhir/tools/StructureDefinition/ig-parameter"
    },
    {
      "extension" : [{
        "url" : "code",
        "valueString" : "path-history"
      },
      {
        "url" : "value",
        "valueString" : "https://github.com/HOT-Ecosystem/tims-poc-ig/history.html"
      }],
      "url" : "http://hl7.org/fhir/tools/StructureDefinition/ig-parameter"
    },
    {
      "extension" : [{
        "url" : "code",
        "valueString" : "template-html"
      },
      {
        "url" : "value",
        "valueString" : "template-page.html"
      }],
      "url" : "http://hl7.org/fhir/tools/StructureDefinition/ig-parameter"
    },
    {
      "extension" : [{
        "url" : "code",
        "valueString" : "template-md"
      },
      {
        "url" : "value",
        "valueString" : "template-page-md.html"
      }],
      "url" : "http://hl7.org/fhir/tools/StructureDefinition/ig-parameter"
    },
    {
      "extension" : [{
        "url" : "code",
        "valueString" : "apply-contact"
      },
      {
        "url" : "value",
        "valueString" : "true"
      }],
      "url" : "http://hl7.org/fhir/tools/StructureDefinition/ig-parameter"
    },
    {
      "extension" : [{
        "url" : "code",
        "valueString" : "apply-context"
      },
      {
        "url" : "value",
        "valueString" : "true"
      }],
      "url" : "http://hl7.org/fhir/tools/StructureDefinition/ig-parameter"
    },
    {
      "extension" : [{
        "url" : "code",
        "valueString" : "apply-copyright"
      },
      {
        "url" : "value",
        "valueString" : "true"
      }],
      "url" : "http://hl7.org/fhir/tools/StructureDefinition/ig-parameter"
    },
    {
      "extension" : [{
        "url" : "code",
        "valueString" : "apply-jurisdiction"
      },
      {
        "url" : "value",
        "valueString" : "true"
      }],
      "url" : "http://hl7.org/fhir/tools/StructureDefinition/ig-parameter"
    },
    {
      "extension" : [{
        "url" : "code",
        "valueString" : "apply-license"
      },
      {
        "url" : "value",
        "valueString" : "true"
      }],
      "url" : "http://hl7.org/fhir/tools/StructureDefinition/ig-parameter"
    },
    {
      "extension" : [{
        "url" : "code",
        "valueString" : "apply-publisher"
      },
      {
        "url" : "value",
        "valueString" : "true"
      }],
      "url" : "http://hl7.org/fhir/tools/StructureDefinition/ig-parameter"
    },
    {
      "extension" : [{
        "url" : "code",
        "valueString" : "apply-version"
      },
      {
        "url" : "value",
        "valueString" : "true"
      }],
      "url" : "http://hl7.org/fhir/tools/StructureDefinition/ig-parameter"
    },
    {
      "extension" : [{
        "url" : "code",
        "valueString" : "active-tables"
      },
      {
        "url" : "value",
        "valueString" : "true"
      }],
      "url" : "http://hl7.org/fhir/tools/StructureDefinition/ig-parameter"
    },
    {
      "extension" : [{
        "url" : "code",
        "valueString" : "fmm-definition"
      },
      {
        "url" : "value",
        "valueString" : "http://hl7.org/fhir/versions.html#maturity"
      }],
      "url" : "http://hl7.org/fhir/tools/StructureDefinition/ig-parameter"
    },
    {
      "extension" : [{
        "url" : "code",
        "valueString" : "propagate-status"
      },
      {
        "url" : "value",
        "valueString" : "true"
      }],
      "url" : "http://hl7.org/fhir/tools/StructureDefinition/ig-parameter"
    },
    {
      "extension" : [{
        "url" : "code",
        "valueString" : "excludelogbinaryformat"
      },
      {
        "url" : "value",
        "valueString" : "true"
      }],
      "url" : "http://hl7.org/fhir/tools/StructureDefinition/ig-parameter"
    },
    {
      "extension" : [{
        "url" : "code",
        "valueString" : "tabbed-snapshots"
      },
      {
        "url" : "value",
        "valueString" : "true"
      }],
      "url" : "http://hl7.org/fhir/tools/StructureDefinition/ig-parameter"
    },
    {
      "extension" : [{
        "url" : "code",
        "valueCode" : "releaselabel"
      },
      {
        "url" : "value",
        "valueString" : "Demo build"
      }],
      "url" : "http://hl7.org/fhir/tools/StructureDefinition/ig-parameter"
    },
    {
      "extension" : [{
        "url" : "code",
        "valueCode" : "copyrightyear"
      },
      {
        "url" : "value",
        "valueString" : "2022+"
      }],
      "url" : "http://hl7.org/fhir/tools/StructureDefinition/ig-parameter"
    },
    {
      "extension" : [{
        "url" : "code",
        "valueCode" : "shownav"
      },
      {
        "url" : "value",
        "valueString" : "true"
      }],
      "url" : "http://hl7.org/fhir/tools/StructureDefinition/ig-parameter"
    },
    {
      "extension" : [{
        "url" : "code",
        "valueCode" : "autoload-resources"
      },
      {
        "url" : "value",
        "valueString" : "true"
      }],
      "url" : "http://hl7.org/fhir/tools/StructureDefinition/ig-parameter"
    },
    {
      "extension" : [{
        "url" : "code",
        "valueCode" : "path-liquid"
      },
      {
        "url" : "value",
        "valueString" : "template/liquid"
      }],
      "url" : "http://hl7.org/fhir/tools/StructureDefinition/ig-parameter"
    },
    {
      "extension" : [{
        "url" : "code",
        "valueCode" : "path-liquid"
      },
      {
        "url" : "value",
        "valueString" : "input/liquid"
      }],
      "url" : "http://hl7.org/fhir/tools/StructureDefinition/ig-parameter"
    },
    {
      "extension" : [{
        "url" : "code",
        "valueCode" : "path-qa"
      },
      {
        "url" : "value",
        "valueString" : "temp/qa"
      }],
      "url" : "http://hl7.org/fhir/tools/StructureDefinition/ig-parameter"
    },
    {
      "extension" : [{
        "url" : "code",
        "valueCode" : "path-temp"
      },
      {
        "url" : "value",
        "valueString" : "temp/pages"
      }],
      "url" : "http://hl7.org/fhir/tools/StructureDefinition/ig-parameter"
    },
    {
      "extension" : [{
        "url" : "code",
        "valueCode" : "path-output"
      },
      {
        "url" : "value",
        "valueString" : "output"
      }],
      "url" : "http://hl7.org/fhir/tools/StructureDefinition/ig-parameter"
    },
    {
      "extension" : [{
        "url" : "code",
        "valueCode" : "path-suppressed-warnings"
      },
      {
        "url" : "value",
        "valueString" : "input/ignoreWarnings.txt"
      }],
      "url" : "http://hl7.org/fhir/tools/StructureDefinition/ig-parameter"
    },
    {
      "extension" : [{
        "url" : "code",
        "valueCode" : "path-history"
      },
      {
        "url" : "value",
        "valueString" : "https://github.com/HOT-Ecosystem/tims-poc-ig/history.html"
      }],
      "url" : "http://hl7.org/fhir/tools/StructureDefinition/ig-parameter"
    },
    {
      "extension" : [{
        "url" : "code",
        "valueCode" : "template-html"
      },
      {
        "url" : "value",
        "valueString" : "template-page.html"
      }],
      "url" : "http://hl7.org/fhir/tools/StructureDefinition/ig-parameter"
    },
    {
      "extension" : [{
        "url" : "code",
        "valueCode" : "template-md"
      },
      {
        "url" : "value",
        "valueString" : "template-page-md.html"
      }],
      "url" : "http://hl7.org/fhir/tools/StructureDefinition/ig-parameter"
    },
    {
      "extension" : [{
        "url" : "code",
        "valueCode" : "apply-contact"
      },
      {
        "url" : "value",
        "valueString" : "true"
      }],
      "url" : "http://hl7.org/fhir/tools/StructureDefinition/ig-parameter"
    },
    {
      "extension" : [{
        "url" : "code",
        "valueCode" : "apply-context"
      },
      {
        "url" : "value",
        "valueString" : "true"
      }],
      "url" : "http://hl7.org/fhir/tools/StructureDefinition/ig-parameter"
    },
    {
      "extension" : [{
        "url" : "code",
        "valueCode" : "apply-copyright"
      },
      {
        "url" : "value",
        "valueString" : "true"
      }],
      "url" : "http://hl7.org/fhir/tools/StructureDefinition/ig-parameter"
    },
    {
      "extension" : [{
        "url" : "code",
        "valueCode" : "apply-jurisdiction"
      },
      {
        "url" : "value",
        "valueString" : "true"
      }],
      "url" : "http://hl7.org/fhir/tools/StructureDefinition/ig-parameter"
    },
    {
      "extension" : [{
        "url" : "code",
        "valueCode" : "apply-license"
      },
      {
        "url" : "value",
        "valueString" : "true"
      }],
      "url" : "http://hl7.org/fhir/tools/StructureDefinition/ig-parameter"
    },
    {
      "extension" : [{
        "url" : "code",
        "valueCode" : "apply-publisher"
      },
      {
        "url" : "value",
        "valueString" : "true"
      }],
      "url" : "http://hl7.org/fhir/tools/StructureDefinition/ig-parameter"
    },
    {
      "extension" : [{
        "url" : "code",
        "valueCode" : "apply-version"
      },
      {
        "url" : "value",
        "valueString" : "true"
      }],
      "url" : "http://hl7.org/fhir/tools/StructureDefinition/ig-parameter"
    },
    {
      "extension" : [{
        "url" : "code",
        "valueCode" : "active-tables"
      },
      {
        "url" : "value",
        "valueString" : "true"
      }],
      "url" : "http://hl7.org/fhir/tools/StructureDefinition/ig-parameter"
    },
    {
      "extension" : [{
        "url" : "code",
        "valueCode" : "fmm-definition"
      },
      {
        "url" : "value",
        "valueString" : "http://hl7.org/fhir/versions.html#maturity"
      }],
      "url" : "http://hl7.org/fhir/tools/StructureDefinition/ig-parameter"
    },
    {
      "extension" : [{
        "url" : "code",
        "valueCode" : "propagate-status"
      },
      {
        "url" : "value",
        "valueString" : "true"
      }],
      "url" : "http://hl7.org/fhir/tools/StructureDefinition/ig-parameter"
    },
    {
      "extension" : [{
        "url" : "code",
        "valueCode" : "excludelogbinaryformat"
      },
      {
        "url" : "value",
        "valueString" : "true"
      }],
      "url" : "http://hl7.org/fhir/tools/StructureDefinition/ig-parameter"
    },
    {
      "extension" : [{
        "url" : "code",
        "valueCode" : "tabbed-snapshots"
      },
      {
        "url" : "value",
        "valueString" : "true"
      }],
      "url" : "http://hl7.org/fhir/tools/StructureDefinition/ig-parameter"
    }],
    "resource" : [{
      "extension" : [{
        "url" : "http://hl7.org/fhir/tools/StructureDefinition/resource-information",
        "valueString" : "StructureDefinition:resource"
      }],
      "reference" : {
        "reference" : "StructureDefinition/r4-xml.patient"
      },
      "name" : "R4 XML Patient",
      "description" : "A R4 XML Patient profile"
    },
    {
      "extension" : [{
        "url" : "http://hl7.org/fhir/tools/StructureDefinition/resource-information",
        "valueString" : "StructureDefinition:resource"
      }],
      "reference" : {
        "reference" : "StructureDefinition/r4-json-patient"
      },
      "name" : "R4 JSON Patient",
      "description" : "A R4 JSON Patient profile"
    },
    {
      "extension" : [{
        "url" : "http://hl7.org/fhir/tools/StructureDefinition/resource-information",
        "valueString" : "Patient"
      }],
      "reference" : {
        "reference" : "Patient/ex1"
      }
    },
    {
      "extension" : [{
        "url" : "http://hl7.org/fhir/tools/StructureDefinition/resource-information",
        "valueString" : "StructureDefinition:resource"
      }],
      "reference" : {
        "reference" : "StructureDefinition/fsh-patient"
      },
      "name" : "Fsh Patient",
      "description" : "A patient that is a type of fsh."
    }],
    "page" : {
      "extension" : [{
        "url" : "http://hl7.org/fhir/tools/StructureDefinition/ig-page-name",
        "valueUrl" : "toc.html"
      }],
      "nameUrl" : "toc.html",
      "title" : "Table of Contents",
      "generation" : "html",
      "page" : [{
        "extension" : [{
          "url" : "http://hl7.org/fhir/tools/StructureDefinition/ig-page-name",
          "valueUrl" : "index.html"
        }],
        "nameUrl" : "index.html",
        "title" : "TIMS POC IG",
        "generation" : "html"
      }]
    },
    "parameter" : [{
      "code" : "path-resource",
      "value" : "input/resources"
    },
    {
      "code" : "path-resource",
      "value" : "input/examples"
    },
    {
      "code" : "path-resource",
      "value" : "input/capabilities"
    },
    {
      "code" : "path-resource",
      "value" : "input/extensions"
    },
    {
      "code" : "path-resource",
      "value" : "input/models"
    },
    {
      "code" : "path-resource",
      "value" : "input/operations"
    },
    {
      "code" : "path-resource",
      "value" : "input/profiles"
    },
    {
      "code" : "path-resource",
      "value" : "input/vocabulary"
    },
    {
      "code" : "path-resource",
      "value" : "input/testing"
    },
    {
      "code" : "path-resource",
      "value" : "input/history"
    },
    {
      "code" : "path-resource",
      "value" : "fsh-generated/resources"
    },
    {
      "code" : "path-pages",
      "value" : "template/config"
    },
    {
      "code" : "path-pages",
      "value" : "input/images"
    },
    {
      "code" : "path-tx-cache",
      "value" : "input-cache/txcache"
    }]
  }
}