<?xml version="1.0" encoding="UTF-8"?>

<OperationDefinition xmlns="http://hl7.org/fhir">
  <id value="text-search"/>
  <text>
    <status value="extensions"/><div xmlns="http://www.w3.org/1999/xhtml"><p>URL: [base]/CodeSystem/$text-search</p><p>URL: [base]/CodeSystem/[id]/$text-search</p><p>Parameters</p><table class="grid"><tr><td><b>Use</b></td><td><b>Name</b></td><td><b>Scope</b></td><td><b>Cardinality</b></td><td><b>Type</b></td><td><b>Binding</b></td><td><b>Documentation</b></td></tr><tr><td>IN</td><td>text</td><td/><td>1..1</td><td><a href="http://hl7.org/fhir/R4/datatypes.html#string">string</a></td><td/><td><div><p>The text to search for.</p>
</div></td></tr></table></div>
  </text>
  <url value="https://github.com/HOT-Ecosystem/tims-ig/OperationDefinition/text-search"/>
  <version value="0.0.1"/>
  <name value="Text search name"/>
  <title value="Text search operation"/>
  <status value="draft"/>
  <kind value="operation"/>
  <date value="2023-04-12T17:43:52+00:00"/>
  <contact>
    <telecom>
      <system value="url"/>
      <value value="http://example.com"/>
    </telecom>
  </contact>
  <code value="text-search"/>
  <resource value="CodeSystem"/>
  <system value="false"/>
  <type value="true"/>
  <instance value="true"/>
  <parameter>
    <name value="text"/>
    <use value="in"/>
    <min value="1"/>
    <max value="1"/>
    <documentation value="The text to search for."/>
    <type value="string"/>
  </parameter>
</OperationDefinition>